<metadata xml:lang="fr"><Esri><CreaDate>20240715</CreaDate><CreaTime>12093400</CreaTime><ArcGISFormat>1.0</ArcGISFormat><SyncOnce>FALSE</SyncOnce><DataProperties><itemProps><itemName Sync="TRUE">Grille_marchand_v072024_v2</itemName><imsContentType Sync="TRUE">002</imsContentType><itemLocation><linkage Sync="TRUE">file://\\WX-5CG1146K3R\C$\Users\SLJF5358\OneDrive - orange.com\Documents\TAF\2024\OM\geomoney_maj_poi\juillet_2024\maj_grille_10072024\output\version26072024\Grille_marchand_v072024_v2.shp</linkage><protocol Sync="TRUE">Local Area Network</protocol></itemLocation><itemSize Sync="TRUE">0.000</itemSize></itemProps><coordRef><type Sync="TRUE">Geographic</type><geogcsn Sync="TRUE">GCS_WGS_1984</geogcsn><csUnits Sync="TRUE">Angular Unit: Degree (0.017453)</csUnits><peXml Sync="TRUE">&lt;GeographicCoordinateSystem xsi:type='typens:GeographicCoordinateSystem' xmlns:xsi='http://www.w3.org/2001/XMLSchema-instance' xmlns:xs='http://www.w3.org/2001/XMLSchema' xmlns:typens='http://www.esri.com/schemas/ArcGIS/3.2.0'&gt;&lt;WKT&gt;GEOGCS[&amp;quot;GCS_WGS_1984&amp;quot;,DATUM[&amp;quot;D_WGS_1984&amp;quot;,SPHEROID[&amp;quot;WGS_1984&amp;quot;,6378137.0,298.257223563]],PRIMEM[&amp;quot;Greenwich&amp;quot;,0.0],UNIT[&amp;quot;Degree&amp;quot;,0.0174532925199433],AUTHORITY[&amp;quot;EPSG&amp;quot;,4326]]&lt;/WKT&gt;&lt;XOrigin&gt;-400&lt;/XOrigin&gt;&lt;YOrigin&gt;-400&lt;/YOrigin&gt;&lt;XYScale&gt;11258999068426.238&lt;/XYScale&gt;&lt;ZOrigin&gt;-100000&lt;/ZOrigin&gt;&lt;ZScale&gt;10000&lt;/ZScale&gt;&lt;MOrigin&gt;-100000&lt;/MOrigin&gt;&lt;MScale&gt;10000&lt;/MScale&gt;&lt;XYTolerance&gt;8.983152841195215e-09&lt;/XYTolerance&gt;&lt;ZTolerance&gt;0.001&lt;/ZTolerance&gt;&lt;MTolerance&gt;0.001&lt;/MTolerance&gt;&lt;HighPrecision&gt;true&lt;/HighPrecision&gt;&lt;LeftLongitude&gt;-180&lt;/LeftLongitude&gt;&lt;WKID&gt;4326&lt;/WKID&gt;&lt;LatestWKID&gt;4326&lt;/LatestWKID&gt;&lt;/GeographicCoordinateSystem&gt;</peXml></coordRef><lineage><Process ToolSource="c:\program files\arcgis\pro\Resources\ArcToolbox\toolboxes\Analysis Tools.tbx\SpatialJoin" Date="20240715" Time="120943">SpatialJoin Grille_marchand_geomoney_v06204 ContoursLocaliteQuartier C:\Users\SLJF5358\AppData\Local\Temp\ArcGISProTemp6592\Untitled\Default.gdb\Grille_marchand__SpatialJoin1 "Join one to one" KEEP_ALL "id_grille "id_grille" true true false 10 Long 0 10,First,#,Grille_marchand_geomoney_v06204,id_grille,-1,-1;poi_final "poi_final" true true false 10 Long 0 10,First,#,Grille_marchand_geomoney_v06204,poi_final,-1,-1;ID_UA "ID_UA" true true false 254 Text 0 0,First,#,Grille_marchand_geomoney_v06204,ID_UA,0,253;UA "UA" true true false 254 Text 0 0,First,#,Grille_marchand_geomoney_v06204,UA,0,253;ID_DPT "ID_DPT" true true false 10 Long 0 10,First,#,Grille_marchand_geomoney_v06204,ID_DPT,-1,-1;DEPARTEMEN "DEPARTEMEN" true true false 254 Text 0 0,First,#,Grille_marchand_geomoney_v06204,DEPARTEMEN,0,253;ID_REG "ID_REG" true true false 10 Long 0 10,First,#,Grille_marchand_geomoney_v06204,ID_REG,-1,-1;REGION "REGION" true true false 254 Text 0 0,First,#,Grille_marchand_geomoney_v06204,REGION,0,253;ID_DIST "ID_DIST" true true false 10 Long 0 10,First,#,Grille_marchand_geomoney_v06204,ID_DIST,-1,-1;DISTRICT "DISTRICT" true true false 254 Text 0 0,First,#,Grille_marchand_geomoney_v06204,DISTRICT,0,253;sup_m2 "sup_m2" true true false 24 Double 15 23,First,#,Grille_marchand_geomoney_v06204,sup_m2,-1,-1;Shape_Leng "Shape_Leng" true true false 24 Double 15 23,First,#,Grille_marchand_geomoney_v06204,Shape_Leng,-1,-1;Shape_Area "Shape_Area" true true false 24 Double 15 23,First,#,Grille_marchand_geomoney_v06204,Shape_Area,-1,-1;sum_nbre_p "sum_nbre_p" true true false 11 Double 0 11,First,#,Grille_marchand_geomoney_v06204,sum_nbre_p,-1,-1;sum_nbre_c "sum_nbre_c" true true false 11 Double 0 11,First,#,Grille_marchand_geomoney_v06204,sum_nbre_c,-1,-1;sum_nbre_m "sum_nbre_m" true true false 11 Double 0 11,First,#,Grille_marchand_geomoney_v06204,sum_nbre_m,-1,-1;NomDistric "NomDistric" true true false 50 Text 0 0,First,#,ContoursLocaliteQuartier,NomDistric,0,49;NomReg "NomReg" true true false 254 Text 0 0,First,#,ContoursLocaliteQuartier,NomReg,0,253;NomDep "NomDep" true true false 254 Text 0 0,First,#,ContoursLocaliteQuartier,NomDep,0,253;NomSp "NomSp" true true false 254 Text 0 0,First,#,ContoursLocaliteQuartier,NomSp,0,253;NomLoc "NomLoc" true true false 254 Text 0 0,First,#,ContoursLocaliteQuartier,NomLoc,0,253;LibQtierCp "LibQtierCp" true true false 254 Text 0 0,First,#,ContoursLocaliteQuartier,LibQtierCp,0,253" "Largest overlap" # # #</Process><Process ToolSource="c:\program files\arcgis\pro\Resources\ArcToolbox\toolboxes\Conversion Tools.tbx\ExportFeatures" Date="20240717" Time="124151">ExportFeatures Grille_marchand__SpatialJoin1 "C:\Users\SLJF5358\OneDrive - orange.com\Documents\TAF\2024\OM\geomoney_maj_poi\juillet_2024\maj_grille_10072024\Default.gdb\Grille_marchand__SpatialJoin1_V1" # NOT_USE_ALIAS "id_grille "id_grille" true true false 4 Long 0 0,First,#,Grille_marchand__SpatialJoin1,id_grille,-1,-1;poi_final "poi_final" true true false 4 Long 0 0,First,#,Grille_marchand__SpatialJoin1,poi_final,-1,-1;sup_m2 "sup_m2" true true false 8 Double 0 0,First,#,Grille_marchand__SpatialJoin1,sup_m2,-1,-1;Shape_Leng "Shape_Leng" true true false 8 Double 0 0,First,#,Grille_marchand__SpatialJoin1,Shape_Leng,-1,-1;sum_nbre_p "sum_nbre_p" true true false 8 Double 0 0,First,#,Grille_marchand__SpatialJoin1,sum_nbre_p,-1,-1;sum_nbre_c "sum_nbre_c" true true false 8 Double 0 0,First,#,Grille_marchand__SpatialJoin1,sum_nbre_c,-1,-1;sum_nbre_m "sum_nbre_m" true true false 8 Double 0 0,First,#,Grille_marchand__SpatialJoin1,sum_nbre_m,-1,-1" #</Process><Process ToolSource="c:\program files\arcgis\pro\Resources\ArcToolbox\toolboxes\Conversion Tools.tbx\ExportFeatures" Date="20240717" Time="124703">ExportFeatures Grille_marchand__SpatialJoin1_V1 "C:\Users\SLJF5358\OneDrive - orange.com\Documents\TAF\2024\OM\geomoney_maj_poi\juillet_2024\maj_grille_10072024\Default.gdb\Grille_marchand_v17072024" # USE_ALIAS "id_grille "id_grille" true true false 4 Long 0 0,First,#,Grille_marchand__SpatialJoin1_V1,Grille_marchand__SpatialJoin1_V1.id_grille,-1,-1;poi_final "poi_final" true true false 4 Long 0 0,First,#,Grille_marchand__SpatialJoin1_V1,Grille_marchand__SpatialJoin1_V1.poi_final,-1,-1;sup_m2 "sup_m2" true true false 8 Double 0 0,First,#,Grille_marchand__SpatialJoin1_V1,Grille_marchand__SpatialJoin1_V1.sup_m2,-1,-1;Shape_Leng "Shape_Leng" true true false 8 Double 0 0,First,#,Grille_marchand__SpatialJoin1_V1,Grille_marchand__SpatialJoin1_V1.Shape_Leng,-1,-1;sum_nbre_p "sum_nbre_p" true true false 8 Double 0 0,First,#,Grille_marchand__SpatialJoin1_V1,Grille_marchand__SpatialJoin1_V1.sum_nbre_p,-1,-1;sum_nbre_c "sum_nbre_c" true true false 8 Double 0 0,First,#,Grille_marchand__SpatialJoin1_V1,Grille_marchand__SpatialJoin1_V1.sum_nbre_c,-1,-1;sum_nbre_m "sum_nbre_m" true true false 8 Double 0 0,First,#,Grille_marchand__SpatialJoin1_V1,Grille_marchand__SpatialJoin1_V1.sum_nbre_m,-1,-1;Shape_Length "Shape_Length" false true true 8 Double 0 0,First,#,Grille_marchand__SpatialJoin1_V1,Grille_marchand__SpatialJoin1_V1.Shape_Length,-1,-1;Shape_Area "Shape_Area" false true true 8 Double 0 0,First,#,Grille_marchand__SpatialJoin1_V1,Grille_marchand__SpatialJoin1_V1.Shape_Area,-1,-1;LibQtierCp "LibQtierCp" true true false 8000 Text 0 0,First,#,Grille_marchand__SpatialJoin1_V1,new_name_quartier.csv.LibQtierCp,0,7999,Grille_marchand__SpatialJoin1_V1,new_name_quartier.csv.LibQtierCp,0,7999;ID_UA "ID_UA" true true false 8000 Text 0 0,First,#,Grille_marchand__SpatialJoin1_V1,new_name_quartier.csv.ID_UA,0,7999,Grille_marchand__SpatialJoin1_V1,new_name_quartier.csv.ID_UA,0,7999;UA "UA" true true false 8000 Text 0 0,First,#,Grille_marchand__SpatialJoin1_V1,new_name_quartier.csv.UA,0,7999,Grille_marchand__SpatialJoin1_V1,new_name_quartier.csv.UA,0,7999;ID_DPT "ID_DPT" true true false 4 Long 0 0,First,#,Grille_marchand__SpatialJoin1_V1,new_name_quartier.csv.ID_DPT,-1,-1,Grille_marchand__SpatialJoin1_V1,new_name_quartier.csv.ID_DPT,-1,-1;DEPARTEMEN "DEPARTEMEN" true true false 8000 Text 0 0,First,#,Grille_marchand__SpatialJoin1_V1,new_name_quartier.csv.DEPARTEMEN,0,7999,Grille_marchand__SpatialJoin1_V1,new_name_quartier.csv.DEPARTEMEN,0,7999;ID_REG "ID_REG" true true false 4 Long 0 0,First,#,Grille_marchand__SpatialJoin1_V1,new_name_quartier.csv.ID_REG,-1,-1,Grille_marchand__SpatialJoin1_V1,new_name_quartier.csv.ID_REG,-1,-1;REGION "REGION" true true false 8000 Text 0 0,First,#,Grille_marchand__SpatialJoin1_V1,new_name_quartier.csv.REGION,0,7999,Grille_marchand__SpatialJoin1_V1,new_name_quartier.csv.REGION,0,7999;ID_DIST "ID_DIST" true true false 4 Long 0 0,First,#,Grille_marchand__SpatialJoin1_V1,new_name_quartier.csv.ID_DIST,-1,-1,Grille_marchand__SpatialJoin1_V1,new_name_quartier.csv.ID_DIST,-1,-1;DISTRICT "DISTRICT" true true false 8000 Text 0 0,First,#,Grille_marchand__SpatialJoin1_V1,new_name_quartier.csv.DISTRICT,0,7999,Grille_marchand__SpatialJoin1_V1,new_name_quartier.csv.DISTRICT,0,7999" #</Process><Process ToolSource="c:\program files\arcgis\pro\Resources\ArcToolbox\toolboxes\Data Management Tools.tbx\UpdateSchema" Date="20240717" Time="125649">UpdateSchema "CIMDATA=&lt;CIMStandardDataConnection xsi:type='typens:CIMStandardDataConnection' xmlns:xsi='http://www.w3.org/2001/XMLSchema-instance' xmlns:xs='http://www.w3.org/2001/XMLSchema' xmlns:typens='http://www.esri.com/schemas/ArcGIS/3.2.0'&gt;&lt;WorkspaceConnectionString&gt;DATABASE=C:\Users\SLJF5358\OneDrive - orange.com\Documents\TAF\2024\OM\geomoney_maj_poi\juillet_2024\maj_grille_10072024\Default.gdb&lt;/WorkspaceConnectionString&gt;&lt;WorkspaceFactory&gt;FileGDB&lt;/WorkspaceFactory&gt;&lt;Dataset&gt;Grille_marchand_v17072024&lt;/Dataset&gt;&lt;DatasetType&gt;esriDTFeatureClass&lt;/DatasetType&gt;&lt;/CIMStandardDataConnection&gt;" &lt;operationSequence&gt;&lt;workflow&gt;&lt;AlterField&gt;&lt;field_name&gt;LibQtierCp&lt;/field_name&gt;&lt;new_field_name&gt;QUARTIER&lt;/new_field_name&gt;&lt;field_type&gt;TEXT&lt;/field_type&gt;&lt;field_is_nullable&gt;True&lt;/field_is_nullable&gt;&lt;clear_field_alias&gt;False&lt;/clear_field_alias&gt;&lt;/AlterField&gt;&lt;/workflow&gt;&lt;/operationSequence&gt;</Process><Process ToolSource="c:\program files\arcgis\pro\Resources\ArcToolbox\toolboxes\Data Management Tools.tbx\UpdateSchema" Date="20240723" Time="153602">UpdateSchema "CIMDATA=&lt;CIMStandardDataConnection xsi:type='typens:CIMStandardDataConnection' xmlns:xsi='http://www.w3.org/2001/XMLSchema-instance' xmlns:xs='http://www.w3.org/2001/XMLSchema' xmlns:typens='http://www.esri.com/schemas/ArcGIS/3.2.0'&gt;&lt;WorkspaceConnectionString&gt;DATABASE=C:\Users\SLJF5358\OneDrive - orange.com\Documents\TAF\2024\OM\geomoney_maj_poi\juillet_2024\maj_grille_10072024\Default.gdb&lt;/WorkspaceConnectionString&gt;&lt;WorkspaceFactory&gt;FileGDB&lt;/WorkspaceFactory&gt;&lt;Dataset&gt;Grille_marchand_v17072024&lt;/Dataset&gt;&lt;DatasetType&gt;esriDTFeatureClass&lt;/DatasetType&gt;&lt;/CIMStandardDataConnection&gt;" &lt;operationSequence&gt;&lt;workflow&gt;&lt;AddField&gt;&lt;field_name&gt;zone&lt;/field_name&gt;&lt;field_type&gt;TEXT&lt;/field_type&gt;&lt;field_length&gt;255&lt;/field_length&gt;&lt;field_is_nullable&gt;True&lt;/field_is_nullable&gt;&lt;field_is_required&gt;False&lt;/field_is_required&gt;&lt;/AddField&gt;&lt;/workflow&gt;&lt;workflow&gt;&lt;AddField&gt;&lt;field_name&gt;partenaires&lt;/field_name&gt;&lt;field_type&gt;TEXT&lt;/field_type&gt;&lt;field_length&gt;255&lt;/field_length&gt;&lt;field_is_nullable&gt;True&lt;/field_is_nullable&gt;&lt;field_is_required&gt;False&lt;/field_is_required&gt;&lt;/AddField&gt;&lt;/workflow&gt;&lt;/operationSequence&gt;</Process><Process ToolSource="c:\program files\arcgis\pro\Resources\ArcToolbox\toolboxes\Data Management Tools.tbx\CalculateField" Date="20240723" Time="154039">CalculateField Grille_marchand_v17072024 zone 'ABJIDJAN SUD' Python # Text NO_ENFORCE_DOMAINS</Process><Process ToolSource="c:\program files\arcgis\pro\Resources\ArcToolbox\toolboxes\Data Management Tools.tbx\CalculateField" Date="20240723" Time="154106">CalculateField Grille_marchand_v17072024 partenaires 'TOTAL IMPACT' Python # Text NO_ENFORCE_DOMAINS</Process><Process ToolSource="c:\program files\arcgis\pro\Resources\ArcToolbox\toolboxes\Data Management Tools.tbx\CalculateField" Date="20240723" Time="154724">CalculateField Grille_marchand_v17072024 zone 'ABIDJAN SUD' Python # Text NO_ENFORCE_DOMAINS</Process><Process ToolSource="c:\program files\arcgis\pro\Resources\ArcToolbox\toolboxes\Data Management Tools.tbx\CalculateField" Date="20240723" Time="154744">CalculateField Grille_marchand_v17072024 partenaires 'ISS' Python # Text NO_ENFORCE_DOMAINS</Process><Process ToolSource="c:\program files\arcgis\pro\Resources\ArcToolbox\toolboxes\Data Management Tools.tbx\CalculateField" Date="20240723" Time="154953">CalculateField Grille_marchand_v17072024 zone 'ABIDJAN NORD' Python # Text NO_ENFORCE_DOMAINS</Process><Process ToolSource="c:\program files\arcgis\pro\Resources\ArcToolbox\toolboxes\Data Management Tools.tbx\CalculateField" Date="20240723" Time="155014">CalculateField Grille_marchand_v17072024 partenaires 'LIFE EVENT' Python # Text NO_ENFORCE_DOMAINS</Process><Process ToolSource="c:\program files\arcgis\pro\Resources\ArcToolbox\toolboxes\Data Management Tools.tbx\CalculateField" Date="20240723" Time="155406">CalculateField Grille_marchand_v17072024 partenaires 'SPI' Python # Text NO_ENFORCE_DOMAINS</Process><Process ToolSource="c:\program files\arcgis\pro\Resources\ArcToolbox\toolboxes\Data Management Tools.tbx\CalculateField" Date="20240723" Time="155422">CalculateField Grille_marchand_v17072024 zone 'ABIDJAN NORD' Python # Text NO_ENFORCE_DOMAINS</Process><Process ToolSource="c:\program files\arcgis\pro\Resources\ArcToolbox\toolboxes\Data Management Tools.tbx\CalculateField" Date="20240723" Time="161040">CalculateField Grille_marchand_v17072024 zone 'ABIDJAN NORD' Python # Text NO_ENFORCE_DOMAINS</Process><Process ToolSource="c:\program files\arcgis\pro\Resources\ArcToolbox\toolboxes\Data Management Tools.tbx\CalculateField" Date="20240723" Time="161111">CalculateField Grille_marchand_v17072024 partenaires 'NEW LINE' Python # Text NO_ENFORCE_DOMAINS</Process><Process ToolSource="c:\program files\arcgis\pro\Resources\ArcToolbox\toolboxes\Data Management Tools.tbx\CalculateField" Date="20240723" Time="161308">CalculateField Grille_marchand_v17072024 partenaires 'SII' Python # Text NO_ENFORCE_DOMAINS</Process><Process ToolSource="c:\program files\arcgis\pro\Resources\ArcToolbox\toolboxes\Data Management Tools.tbx\CalculateField" Date="20240723" Time="161323">CalculateField Grille_marchand_v17072024 zone 'ABIDJAN NORD' Python # Text NO_ENFORCE_DOMAINS</Process><Process ToolSource="c:\program files\arcgis\pro\Resources\ArcToolbox\toolboxes\Data Management Tools.tbx\CalculateField" Date="20240723" Time="161501">CalculateField Grille_marchand_v17072024 zone 'ABIDJAN NORD' Python # Text NO_ENFORCE_DOMAINS</Process><Process ToolSource="c:\program files\arcgis\pro\Resources\ArcToolbox\toolboxes\Data Management Tools.tbx\CalculateField" Date="20240723" Time="161521">CalculateField Grille_marchand_v17072024 partenaires 'SII' Python # Text NO_ENFORCE_DOMAINS</Process><Process ToolSource="c:\program files\arcgis\pro\Resources\ArcToolbox\toolboxes\Data Management Tools.tbx\CalculateField" Date="20240723" Time="162411">CalculateField Grille_marchand_v17072024 partenaires 'RMO' Python # Text NO_ENFORCE_DOMAINS</Process><Process ToolSource="c:\program files\arcgis\pro\Resources\ArcToolbox\toolboxes\Data Management Tools.tbx\CalculateField" Date="20240723" Time="162448">CalculateField Grille_marchand_v17072024 partenaires 'RMO' Python # Text NO_ENFORCE_DOMAINS</Process><Process ToolSource="c:\program files\arcgis\pro\Resources\ArcToolbox\toolboxes\Data Management Tools.tbx\CalculateField" Date="20240723" Time="162513">CalculateField Grille_marchand_v17072024 zone 'ABIDJAN NORD' Python # Text NO_ENFORCE_DOMAINS</Process><Process ToolSource="c:\program files\arcgis\pro\Resources\ArcToolbox\toolboxes\Data Management Tools.tbx\CalculateField" Date="20240723" Time="162808">CalculateField Grille_marchand_v17072024 zone 'ABIDJAN NORD' Python # Text NO_ENFORCE_DOMAINS</Process><Process ToolSource="c:\program files\arcgis\pro\Resources\ArcToolbox\toolboxes\Data Management Tools.tbx\CalculateField" Date="20240723" Time="162847">CalculateField Grille_marchand_v17072024 partenaires 'ADC' Python # Text NO_ENFORCE_DOMAINS</Process><Process ToolSource="c:\program files\arcgis\pro\Resources\ArcToolbox\toolboxes\Data Management Tools.tbx\CalculateField" Date="20240723" Time="162948">CalculateField Grille_marchand_v17072024 partenaires 'ADC' Python # Text NO_ENFORCE_DOMAINS</Process><Process ToolSource="c:\program files\arcgis\pro\Resources\ArcToolbox\toolboxes\Data Management Tools.tbx\CalculateField" Date="20240723" Time="163003">CalculateField Grille_marchand_v17072024 zone 'ABIDJAN NORD' Python # Text NO_ENFORCE_DOMAINS</Process><Process ToolSource="c:\program files\arcgis\pro\Resources\ArcToolbox\toolboxes\Data Management Tools.tbx\CalculateField" Date="20240723" Time="163350">CalculateField Grille_marchand_v17072024 zone 'ABIDJAN SUD' Python # Text NO_ENFORCE_DOMAINS</Process><Process ToolSource="c:\program files\arcgis\pro\Resources\ArcToolbox\toolboxes\Data Management Tools.tbx\CalculateField" Date="20240723" Time="163642">CalculateField Grille_marchand_v17072024 zone 'CENTRE NORD' Python # Text NO_ENFORCE_DOMAINS</Process><Process ToolSource="c:\program files\arcgis\pro\Resources\ArcToolbox\toolboxes\Data Management Tools.tbx\CalculateField" Date="20240723" Time="163839">CalculateField Grille_marchand_v17072024 zone 'CENTRE NORD' Python # Text NO_ENFORCE_DOMAINS</Process><Process ToolSource="c:\program files\arcgis\pro\Resources\ArcToolbox\toolboxes\Data Management Tools.tbx\CalculateField" Date="20240723" Time="163857">CalculateField Grille_marchand_v17072024 zone 'OUEST' Python # Text NO_ENFORCE_DOMAINS</Process><Process ToolSource="c:\program files\arcgis\pro\Resources\ArcToolbox\toolboxes\Data Management Tools.tbx\CalculateField" Date="20240723" Time="163912">CalculateField Grille_marchand_v17072024 partenaires 'TID' Python # Text NO_ENFORCE_DOMAINS</Process><Process ToolSource="c:\program files\arcgis\pro\Resources\ArcToolbox\toolboxes\Data Management Tools.tbx\CalculateField" Date="20240723" Time="164504">CalculateField Grille_marchand_v17072024 partenaires 'IGP' Python # Text NO_ENFORCE_DOMAINS</Process><Process ToolSource="c:\program files\arcgis\pro\Resources\ArcToolbox\toolboxes\Data Management Tools.tbx\CalculateField" Date="20240723" Time="164548">CalculateField Grille_marchand_v17072024 partenaires 'IGP' Python # Text NO_ENFORCE_DOMAINS</Process><Process ToolSource="c:\program files\arcgis\pro\Resources\ArcToolbox\toolboxes\Data Management Tools.tbx\CalculateField" Date="20240723" Time="164640">CalculateField Grille_marchand_v17072024 partenaires 'BFP' Python # Text NO_ENFORCE_DOMAINS</Process><Process ToolSource="c:\program files\arcgis\pro\Resources\ArcToolbox\toolboxes\Data Management Tools.tbx\CalculateField" Date="20240724" Time="104333">CalculateField Grille_marchand_v17072024 partenaires 'NEW LINE' Python # Text NO_ENFORCE_DOMAINS</Process><Process ToolSource="c:\program files\arcgis\pro\Resources\ArcToolbox\toolboxes\Data Management Tools.tbx\CalculateField" Date="20240724" Time="104351">CalculateField Grille_marchand_v17072024 partenaires 'SPI' Python # Text NO_ENFORCE_DOMAINS</Process><Process ToolSource="c:\program files\arcgis\pro\Resources\ArcToolbox\toolboxes\Data Management Tools.tbx\CalculateField" Date="20240724" Time="112857">CalculateField Grille_marchand_v17072024 partenaires 'ADC' Python # Text NO_ENFORCE_DOMAINS</Process><Process ToolSource="c:\program files\arcgis\pro\Resources\ArcToolbox\toolboxes\Conversion Tools.tbx\ExportFeatures" Date="20240726" Time="181349">ExportFeatures Grille_marchand_v17072024 "C:\Users\SLJF5358\OneDrive - orange.com\Documents\TAF\2024\OM\geomoney_maj_poi\juillet_2024\maj_grille_10072024\Default.gdb\Grille_marchand_v26072024" # USE_ALIAS "id_grille "id_grille" true true false 4 Long 0 0,First,#,Grille_marchand_v17072024,Grille_marchand_v17072024.id_grille,-1,-1;poi_final "poi_final" true true false 4 Long 0 0,First,#,Grille_marchand_v17072024,Grille_marchand_v17072024.poi_final,-1,-1;sup_m2 "sup_m2" true true false 8 Double 0 0,First,#,Grille_marchand_v17072024,Grille_marchand_v17072024.sup_m2,-1,-1;sum_nbre_p "sum_nbre_p" true true false 8 Double 0 0,First,#,Grille_marchand_v17072024,Grille_marchand_v17072024.sum_nbre_p,-1,-1;sum_nbre_c "sum_nbre_c" true true false 8 Double 0 0,First,#,Grille_marchand_v17072024,Grille_marchand_v17072024.sum_nbre_c,-1,-1;sum_nbre_m "sum_nbre_m" true true false 8 Double 0 0,First,#,Grille_marchand_v17072024,Grille_marchand_v17072024.sum_nbre_m,-1,-1;descrip_lieu "descrip_lieu" true true false 255 Text 0 0,First,#,Grille_marchand_v17072024,vf$.descrip_lieu,0,254,Grille_marchand_v17072024,vf$.descrip_lieu,0,254;QUARTIER "QUARTIER" true true false 8000 Text 0 0,First,#,Grille_marchand_v17072024,Grille_marchand_v17072024.QUARTIER,0,7999;ID_UA "ID_UA" true true false 8000 Text 0 0,First,#,Grille_marchand_v17072024,Grille_marchand_v17072024.ID_UA,0,7999;UA "UA" true true false 8000 Text 0 0,First,#,Grille_marchand_v17072024,Grille_marchand_v17072024.UA,0,7999;ID_DPT "ID_DPT" true true false 4 Long 0 0,First,#,Grille_marchand_v17072024,Grille_marchand_v17072024.ID_DPT,-1,-1;DEPARTEMEN "DEPARTEMEN" true true false 8000 Text 0 0,First,#,Grille_marchand_v17072024,Grille_marchand_v17072024.DEPARTEMEN,0,7999;ID_REG "ID_REG" true true false 4 Long 0 0,First,#,Grille_marchand_v17072024,Grille_marchand_v17072024.ID_REG,-1,-1;REGION "REGION" true true false 8000 Text 0 0,First,#,Grille_marchand_v17072024,Grille_marchand_v17072024.REGION,0,7999;ID_DIST "ID_DIST" true true false 4 Long 0 0,First,#,Grille_marchand_v17072024,Grille_marchand_v17072024.ID_DIST,-1,-1;DISTRICT "DISTRICT" true true false 8000 Text 0 0,First,#,Grille_marchand_v17072024,Grille_marchand_v17072024.DISTRICT,0,7999;zone "zone" true true false 255 Text 0 0,First,#,Grille_marchand_v17072024,Grille_marchand_v17072024.zone,0,254;partenaires "partenaires" true true false 255 Text 0 0,First,#,Grille_marchand_v17072024,Grille_marchand_v17072024.partenaires,0,254;Shape_Length "Shape_Length" false true true 8 Double 0 0,First,#,Grille_marchand_v17072024,Grille_marchand_v17072024.Shape_Length,-1,-1;Shape_Area "Shape_Area" false true true 8 Double 0 0,First,#,Grille_marchand_v17072024,Grille_marchand_v17072024.Shape_Area,-1,-1" #</Process><Process ToolSource="c:\program files\arcgis\pro\Resources\ArcToolbox\toolboxes\Conversion Tools.tbx\ExportFeatures" Date="20240726" Time="181739">ExportFeatures Grille_marchand_v26072024 "C:\Users\SLJF5358\OneDrive - orange.com\Documents\TAF\2024\OM\geomoney_maj_poi\juillet_2024\maj_grille_10072024\output\version26072024\Grille_marchand_v072024_v2.shp" # NOT_USE_ALIAS "id_grille "id_grille" true true false 4 Long 0 0,First,#,Grille_marchand_v26072024,id_grille,-1,-1;poi_final "poi_final" true true false 4 Long 0 0,First,#,Grille_marchand_v26072024,poi_final,-1,-1;sup_m2 "sup_m2" true true false 8 Double 0 0,First,#,Grille_marchand_v26072024,sup_m2,-1,-1;sum_nbre_p "sum_nbre_p" true true false 8 Double 0 0,First,#,Grille_marchand_v26072024,sum_nbre_p,-1,-1;sum_nbre_c "sum_nbre_c" true true false 8 Double 0 0,First,#,Grille_marchand_v26072024,sum_nbre_c,-1,-1;sum_nbre_m "sum_nbre_m" true true false 8 Double 0 0,First,#,Grille_marchand_v26072024,sum_nbre_m,-1,-1;descrip_lieu "descrip_lieu" true true false 255 Text 0 0,First,#,Grille_marchand_v26072024,descrip_lieu,0,254;QUARTIER "QUARTIER" true true false 8000 Text 0 0,First,#,Grille_marchand_v26072024,QUARTIER,0,7999;ID_UA "ID_UA" true true false 8000 Text 0 0,First,#,Grille_marchand_v26072024,ID_UA,0,7999;UA "UA" true true false 8000 Text 0 0,First,#,Grille_marchand_v26072024,UA,0,7999;ID_DPT "ID_DPT" true true false 4 Long 0 0,First,#,Grille_marchand_v26072024,ID_DPT,-1,-1;DEPARTEMEN "DEPARTEMEN" true true false 8000 Text 0 0,First,#,Grille_marchand_v26072024,DEPARTEMEN,0,7999;ID_REG "ID_REG" true true false 4 Long 0 0,First,#,Grille_marchand_v26072024,ID_REG,-1,-1;REGION "REGION" true true false 8000 Text 0 0,First,#,Grille_marchand_v26072024,REGION,0,7999;ID_DIST "ID_DIST" true true false 4 Long 0 0,First,#,Grille_marchand_v26072024,ID_DIST,-1,-1;DISTRICT "DISTRICT" true true false 8000 Text 0 0,First,#,Grille_marchand_v26072024,DISTRICT,0,7999;zone "zone" true true false 255 Text 0 0,First,#,Grille_marchand_v26072024,zone,0,254;partenaire "partenaire" true true false 255 Text 0 0,First,#,Grille_marchand_v26072024,partenaires,0,254;Shape_Length "Shape_Length" false true true 8 Double 0 0,First,#,Grille_marchand_v26072024,Shape_Length,-1,-1;Shape_Area "Shape_Area" false true true 8 Double 0 0,First,#,Grille_marchand_v26072024,Shape_Area,-1,-1" #</Process></lineage></DataProperties><SyncDate>20240726</SyncDate><SyncTime>18173900</SyncTime><ModDate>20240726</ModDate><ModTime>18173900</ModTime></Esri><dataIdInfo><envirDesc Sync="TRUE">Microsoft Windows 10 Version 10.0 (Build 19045) ; Esri ArcGIS 13.2.2.49743</envirDesc><dataLang><languageCode value="fra" Sync="TRUE"></languageCode><countryCode value="CIV" Sync="TRUE"></countryCode></dataLang><idCitation><resTitle Sync="TRUE">Grille_marchand_v072024_v2</resTitle><presForm><PresFormCd value="005" Sync="TRUE"></PresFormCd></presForm></idCitation><spatRpType><SpatRepTypCd value="001" Sync="TRUE"></SpatRepTypCd></spatRpType></dataIdInfo><mdLang><languageCode value="fra" Sync="TRUE"></languageCode><countryCode value="CIV" Sync="TRUE"></countryCode></mdLang><distInfo><distFormat><formatName Sync="TRUE">Shapefile</formatName></distFormat><distTranOps><transSize Sync="TRUE">0.000</transSize></distTranOps></distInfo><mdHrLv><ScopeCd value="005" Sync="TRUE"></ScopeCd></mdHrLv><mdHrLvName Sync="TRUE">dataset</mdHrLvName><refSysInfo><RefSystem><refSysID><identCode code="4326" Sync="TRUE"></identCode><idCodeSpace Sync="TRUE">EPSG</idCodeSpace><idVersion Sync="TRUE">6.2(3.0.1)</idVersion></refSysID></RefSystem></refSysInfo><spatRepInfo><VectSpatRep><geometObjs Name="Grille_marchand_v072024_v2"><geoObjTyp><GeoObjTypCd value="002" Sync="TRUE"></GeoObjTypCd></geoObjTyp><geoObjCnt Sync="TRUE">0</geoObjCnt></geometObjs><topLvl><TopoLevCd value="001" Sync="TRUE"></TopoLevCd></topLvl></VectSpatRep></spatRepInfo><spdoinfo><ptvctinf><esriterm Name="Grille_marchand_v072024_v2"><efeatyp Sync="TRUE">Simple</efeatyp><efeageom code="4" Sync="TRUE"></efeageom><esritopo Sync="TRUE">FALSE</esritopo><efeacnt Sync="TRUE">0</efeacnt><spindex Sync="TRUE">FALSE</spindex><linrefer Sync="TRUE">FALSE</linrefer></esriterm></ptvctinf></spdoinfo><eainfo><detailed Name="Grille_marchand_v072024_v2"><enttyp><enttypl Sync="TRUE">Grille_marchand_v072024_v2</enttypl><enttypt Sync="TRUE">Feature Class</enttypt><enttypc Sync="TRUE">0</enttypc></enttyp><attr><attrlabl Sync="TRUE">FID</attrlabl><attalias Sync="TRUE">FID</attalias><attrtype Sync="TRUE">OID</attrtype><attwidth Sync="TRUE">4</attwidth><atprecis Sync="TRUE">0</atprecis><attscale Sync="TRUE">0</attscale><attrdef Sync="TRUE">Internal feature number.</attrdef><attrdefs Sync="TRUE">Esri</attrdefs><attrdomv><udom Sync="TRUE">Sequential unique whole numbers that are automatically generated.</udom></attrdomv></attr><attr><attrlabl Sync="TRUE">Shape</attrlabl><attalias Sync="TRUE">Shape</attalias><attrtype Sync="TRUE">Geometry</attrtype><attwidth Sync="TRUE">0</attwidth><atprecis Sync="TRUE">0</atprecis><attscale Sync="TRUE">0</attscale><attrdef Sync="TRUE">Feature geometry.</attrdef><attrdefs Sync="TRUE">Esri</attrdefs><attrdomv><udom Sync="TRUE">Coordinates defining the features.</udom></attrdomv></attr><attr><attrlabl Sync="TRUE">id_grille</attrlabl><attalias Sync="TRUE">id_grille</attalias><attrtype Sync="TRUE">Integer</attrtype><attwidth Sync="TRUE">10</attwidth><atprecis Sync="TRUE">10</atprecis><attscale Sync="TRUE">0</attscale></attr><attr><attrlabl Sync="TRUE">poi_final</attrlabl><attalias Sync="TRUE">poi_final</attalias><attrtype Sync="TRUE">Integer</attrtype><attwidth Sync="TRUE">10</attwidth><atprecis Sync="TRUE">10</atprecis><attscale Sync="TRUE">0</attscale></attr><attr><attrlabl Sync="TRUE">sup_m2</attrlabl><attalias Sync="TRUE">sup_m2</attalias><attrtype Sync="TRUE">Double</attrtype><attwidth Sync="TRUE">19</attwidth><atprecis Sync="TRUE">0</atprecis><attscale Sync="TRUE">0</attscale></attr><attr><attrlabl Sync="TRUE">sum_nbre_p</attrlabl><attalias Sync="TRUE">sum_nbre_p</attalias><attrtype Sync="TRUE">Double</attrtype><attwidth Sync="TRUE">19</attwidth><atprecis Sync="TRUE">0</atprecis><attscale Sync="TRUE">0</attscale></attr><attr><attrlabl Sync="TRUE">sum_nbre_c</attrlabl><attalias Sync="TRUE">sum_nbre_c</attalias><attrtype Sync="TRUE">Double</attrtype><attwidth Sync="TRUE">19</attwidth><atprecis Sync="TRUE">0</atprecis><attscale Sync="TRUE">0</attscale></attr><attr><attrlabl Sync="TRUE">sum_nbre_m</attrlabl><attalias Sync="TRUE">sum_nbre_m</attalias><attrtype Sync="TRUE">Double</attrtype><attwidth Sync="TRUE">19</attwidth><atprecis Sync="TRUE">0</atprecis><attscale Sync="TRUE">0</attscale></attr><attr><attrlabl Sync="TRUE">descrip_li</attrlabl><attalias Sync="TRUE">descrip_li</attalias><attrtype Sync="TRUE">String</attrtype><attwidth Sync="TRUE">254</attwidth><atprecis Sync="TRUE">0</atprecis><attscale Sync="TRUE">0</attscale></attr><attr><attrlabl Sync="TRUE">QUARTIER</attrlabl><attalias Sync="TRUE">QUARTIER</attalias><attrtype Sync="TRUE">String</attrtype><attwidth Sync="TRUE">254</attwidth><atprecis Sync="TRUE">0</atprecis><attscale Sync="TRUE">0</attscale></attr><attr><attrlabl Sync="TRUE">ID_UA</attrlabl><attalias Sync="TRUE">ID_UA</attalias><attrtype Sync="TRUE">String</attrtype><attwidth Sync="TRUE">254</attwidth><atprecis Sync="TRUE">0</atprecis><attscale Sync="TRUE">0</attscale></attr><attr><attrlabl Sync="TRUE">UA</attrlabl><attalias Sync="TRUE">UA</attalias><attrtype Sync="TRUE">String</attrtype><attwidth Sync="TRUE">254</attwidth><atprecis Sync="TRUE">0</atprecis><attscale Sync="TRUE">0</attscale></attr><attr><attrlabl Sync="TRUE">ID_DPT</attrlabl><attalias Sync="TRUE">ID_DPT</attalias><attrtype Sync="TRUE">Integer</attrtype><attwidth Sync="TRUE">10</attwidth><atprecis Sync="TRUE">10</atprecis><attscale Sync="TRUE">0</attscale></attr><attr><attrlabl Sync="TRUE">DEPARTEMEN</attrlabl><attalias Sync="TRUE">DEPARTEMEN</attalias><attrtype Sync="TRUE">String</attrtype><attwidth Sync="TRUE">254</attwidth><atprecis Sync="TRUE">0</atprecis><attscale Sync="TRUE">0</attscale></attr><attr><attrlabl Sync="TRUE">ID_REG</attrlabl><attalias Sync="TRUE">ID_REG</attalias><attrtype Sync="TRUE">Integer</attrtype><attwidth Sync="TRUE">10</attwidth><atprecis Sync="TRUE">10</atprecis><attscale Sync="TRUE">0</attscale></attr><attr><attrlabl Sync="TRUE">REGION</attrlabl><attalias Sync="TRUE">REGION</attalias><attrtype Sync="TRUE">String</attrtype><attwidth Sync="TRUE">254</attwidth><atprecis Sync="TRUE">0</atprecis><attscale Sync="TRUE">0</attscale></attr><attr><attrlabl Sync="TRUE">ID_DIST</attrlabl><attalias Sync="TRUE">ID_DIST</attalias><attrtype Sync="TRUE">Integer</attrtype><attwidth Sync="TRUE">10</attwidth><atprecis Sync="TRUE">10</atprecis><attscale Sync="TRUE">0</attscale></attr><attr><attrlabl Sync="TRUE">DISTRICT</attrlabl><attalias Sync="TRUE">DISTRICT</attalias><attrtype Sync="TRUE">String</attrtype><attwidth Sync="TRUE">254</attwidth><atprecis Sync="TRUE">0</atprecis><attscale Sync="TRUE">0</attscale></attr><attr><attrlabl Sync="TRUE">zone</attrlabl><attalias Sync="TRUE">zone</attalias><attrtype Sync="TRUE">String</attrtype><attwidth Sync="TRUE">254</attwidth><atprecis Sync="TRUE">0</atprecis><attscale Sync="TRUE">0</attscale></attr><attr><attrlabl Sync="TRUE">partenaire</attrlabl><attalias Sync="TRUE">partenaire</attalias><attrtype Sync="TRUE">String</attrtype><attwidth Sync="TRUE">254</attwidth><atprecis Sync="TRUE">0</atprecis><attscale Sync="TRUE">0</attscale></attr><attr><attrlabl Sync="TRUE">Shape_Leng</attrlabl><attalias Sync="TRUE">Shape_Leng</attalias><attrtype Sync="TRUE">Double</attrtype><attwidth Sync="TRUE">19</attwidth><atprecis Sync="TRUE">0</atprecis><attscale Sync="TRUE">0</attscale></attr><attr><attrlabl Sync="TRUE">Shape_Area</attrlabl><attalias Sync="TRUE">Shape_Area</attalias><attrtype Sync="TRUE">Double</attrtype><attwidth Sync="TRUE">19</attwidth><atprecis Sync="TRUE">0</atprecis><attscale Sync="TRUE">0</attscale><attrdef Sync="TRUE">Area of feature in internal units squared.</attrdef><attrdefs Sync="TRUE">Esri</attrdefs><attrdomv><udom Sync="TRUE">Positive real numbers that are automatically generated.</udom></attrdomv></attr></detailed></eainfo><mdDateSt Sync="TRUE">20240726</mdDateSt></metadata>
