<?xml version="1.0" encoding="UTF-8"?>
<metadata xml:lang="fr"><Esri><CreaDate>20230515</CreaDate><CreaTime>11530900</CreaTime><ArcGISFormat>1.0</ArcGISFormat><SyncOnce>FALSE</SyncOnce><DataProperties><lineage><Process ToolSource="c:\program files (x86)\arcgis\desktop10.5\ArcToolbox\Toolboxes\Data Management Tools.tbx\CalculateField" Date="20230417" Time="133243">CalculateField Qt_RpPopJoint_1 MascuInt [Masculin] VB #</Process><Process ToolSource="c:\program files (x86)\arcgis\desktop10.5\ArcToolbox\Toolboxes\Data Management Tools.tbx\CalculateField" Date="20230417" Time="133259">CalculateField Qt_RpPopJoint_1 FeminInt [Feminin] VB #</Process><Process ToolSource="c:\program files (x86)\arcgis\desktop10.5\ArcToolbox\Toolboxes\Data Management Tools.tbx\CalculateField" Date="20230417" Time="133313">CalculateField Qt_RpPopJoint_1 TotPopZdIn [Totalpop] VB #</Process><Process ToolSource="c:\program files (x86)\arcgis\desktop10.5\ArcToolbox\Toolboxes\Data Management Tools.tbx\CalculateField" Date="20230417" Time="133419">CalculateField Qt_RpPopJoint_1 TotPopZdIn [Totalpop] VB #</Process><Process ToolSource="c:\program files (x86)\arcgis\desktop10.5\ArcToolbox\Toolboxes\Conversion Tools.tbx\FeatureClassToFeatureClass" Date="20230417" Time="140659">FeatureClassToFeatureClass Qt_RpPopJoint_1 C:\INS\ApurementRP\Actualisation\BaseRP2021_VF_14042023.gdb\ShpBDGeo QuartierRp2021_Pop # "DR "DR" true true false 254 Text 0 0 ,First,#,Qt_RpPopJoint_1,DR,-1,-1;CodReg "CodReg" true true false 254 Text 0 0 ,First,#,Qt_RpPopJoint_1,CodReg,-1,-1;NomReg "NomReg" true true false 254 Text 0 0 ,First,#,Qt_RpPopJoint_1,NomReg,-1,-1;CodDep "CodDep" true true false 254 Text 0 0 ,First,#,Qt_RpPopJoint_1,CodDep,-1,-1;NomDep "NomDep" true true false 254 Text 0 0 ,First,#,Qt_RpPopJoint_1,NomDep,-1,-1;CodSp "CodSp" true true false 254 Text 0 0 ,First,#,Qt_RpPopJoint_1,CodSp,-1,-1;NomSp "NomSp" true true false 254 Text 0 0 ,First,#,Qt_RpPopJoint_1,NomSp,-1,-1;CodCom "CodCom" true true false 254 Text 0 0 ,First,#,Qt_RpPopJoint_1,CodCom,-1,-1;NomCom "NomCom" true true false 254 Text 0 0 ,First,#,Qt_RpPopJoint_1,NomCom,-1,-1;CodLoc "CodLoc" true true false 254 Text 0 0 ,First,#,Qt_RpPopJoint_1,CodLoc,-1,-1;NomLoc "NomLoc" true true false 254 Text 0 0 ,First,#,Qt_RpPopJoint_1,NomLoc,-1,-1;CodQtierCp "CodQtierCp" true true false 254 Text 0 0 ,First,#,Qt_RpPopJoint_1,CodQtierCp,-1,-1;LibQtierCp "LibQtierCp" true true false 254 Text 0 0 ,First,#,Qt_RpPopJoint_1,LibQtierCp,-1,-1;Masculin "Masculin" true true false 19 Double 0 0 ,First,#,Qt_RpPopJoint_1,Masculin,-1,-1;Feminin "Feminin" true true false 19 Double 0 0 ,First,#,Qt_RpPopJoint_1,Feminin,-1,-1;TotalPop "TotalPop" true true false 19 Double 0 0 ,First,#,Qt_RpPopJoint_1,Totalpop,-1,-1;Milieu "Milieu" true true false 19 Double 0 0 ,First,#,Qt_RpPopJoint_1,Milieu,-1,-1;statut "statut" true true false 254 Text 0 0 ,First,#,Qt_RpPopJoint_1,statut,-1,-1;MascuInt "MascuInt" true true false 10 Long 0 10 ,First,#,Qt_RpPopJoint_1,MascuInt,-1,-1;FeminInt "FeminInt" true true false 10 Long 0 10 ,First,#,Qt_RpPopJoint_1,FeminInt,-1,-1;TotPopZdIn "TotPopZdIn" true true false 10 Long 0 10 ,First,#,Qt_RpPopJoint_1,TotPopZdIn,-1,-1" #</Process><Process ToolSource="c:\program files (x86)\arcgis\desktop10.5\ArcToolbox\Toolboxes\Data Management Tools.tbx\CalculateField" Date="20230502" Time="235213">CalculateField QuartierRp2021_Pop id "!CodDep! + !CodSp! + !CodCom! + !CodLoc!" PYTHON_9.3 #</Process><Process ToolSource="c:\program files (x86)\arcgis\desktop10.5\ArcToolbox\Toolboxes\Data Management Tools.tbx\CalculateField" Date="20230515" Time="101723">CalculateField QuartierRp2021_Pop idloc "[CodReg] &amp; [CodDep] &amp; [CodSp] &amp; [CodCom] &amp; [CodLoc]" VB #</Process></lineage><itemProps><itemName Sync="TRUE">QuartierRp2021_Pop</itemName><imsContentType Sync="TRUE">002</imsContentType><itemLocation><linkage Sync="TRUE">file://\\JOELLE\C$\INS\ApurementRP\Actualisation\BaseRP2021_VF_14042023.gdb</linkage><protocol Sync="TRUE">Local Area Network</protocol></itemLocation></itemProps><coordRef><type Sync="TRUE">Geographic</type><geogcsn Sync="TRUE">GCS_WGS_1984</geogcsn><csUnits Sync="TRUE">Angular Unit: Degree (0.017453)</csUnits><peXml Sync="TRUE">&lt;GeographicCoordinateSystem xsi:type='typens:GeographicCoordinateSystem' xmlns:xsi='http://www.w3.org/2001/XMLSchema-instance' xmlns:xs='http://www.w3.org/2001/XMLSchema' xmlns:typens='http://www.esri.com/schemas/ArcGIS/10.5'&gt;&lt;WKT&gt;GEOGCS[&amp;quot;GCS_WGS_1984&amp;quot;,DATUM[&amp;quot;D_WGS_1984&amp;quot;,SPHEROID[&amp;quot;WGS_1984&amp;quot;,6378137.0,298.257223563]],PRIMEM[&amp;quot;Greenwich&amp;quot;,0.0],UNIT[&amp;quot;Degree&amp;quot;,0.0174532925199433],AUTHORITY[&amp;quot;EPSG&amp;quot;,4326]]&lt;/WKT&gt;&lt;XOrigin&gt;-399.99999999999989&lt;/XOrigin&gt;&lt;YOrigin&gt;-399.99999999999989&lt;/YOrigin&gt;&lt;XYScale&gt;1000000000.0000001&lt;/XYScale&gt;&lt;ZOrigin&gt;-100000&lt;/ZOrigin&gt;&lt;ZScale&gt;10000&lt;/ZScale&gt;&lt;MOrigin&gt;-100000&lt;/MOrigin&gt;&lt;MScale&gt;10000&lt;/MScale&gt;&lt;XYTolerance&gt;8.9831528411952133e-009&lt;/XYTolerance&gt;&lt;ZTolerance&gt;0.001&lt;/ZTolerance&gt;&lt;MTolerance&gt;0.001&lt;/MTolerance&gt;&lt;HighPrecision&gt;true&lt;/HighPrecision&gt;&lt;LeftLongitude&gt;-180&lt;/LeftLongitude&gt;&lt;WKID&gt;4326&lt;/WKID&gt;&lt;LatestWKID&gt;4326&lt;/LatestWKID&gt;&lt;/GeographicCoordinateSystem&gt;</peXml></coordRef></DataProperties><SyncDate>20230417</SyncDate><SyncTime>14064800</SyncTime><ModDate>20230417</ModDate><ModTime>14064800</ModTime></Esri><dataIdInfo><envirDesc Sync="TRUE"> Version 6.2 (Build 9200) ; Esri ArcGIS 10.5.0.6491</envirDesc><dataLang><languageCode value="fra" Sync="TRUE"></languageCode><countryCode value="CIV" Sync="TRUE"></countryCode></dataLang><idCitation><resTitle Sync="TRUE">QuartierRp2021_Pop</resTitle><presForm><PresFormCd value="005" Sync="TRUE"></PresFormCd></presForm></idCitation><spatRpType><SpatRepTypCd value="001" Sync="TRUE"></SpatRepTypCd></spatRpType></dataIdInfo><mdLang><languageCode value="fra" Sync="TRUE"></languageCode><countryCode value="CIV" Sync="TRUE"></countryCode></mdLang><distInfo><distFormat><formatName Sync="TRUE">Classe d’entités de géodatabase fichier</formatName></distFormat></distInfo><mdHrLv><ScopeCd value="005" Sync="TRUE"></ScopeCd></mdHrLv><mdHrLvName Sync="TRUE">dataset</mdHrLvName><refSysInfo><RefSystem><refSysID><identCode code="4326" Sync="TRUE"></identCode><idCodeSpace Sync="TRUE">EPSG</idCodeSpace><idVersion Sync="TRUE">6.14(3.0.1)</idVersion></refSysID></RefSystem></refSysInfo><spatRepInfo><VectSpatRep><geometObjs Name="QuartierRp2021_Pop"><geoObjTyp><GeoObjTypCd value="002" Sync="TRUE"></GeoObjTypCd></geoObjTyp><geoObjCnt Sync="TRUE">0</geoObjCnt></geometObjs><topLvl><TopoLevCd value="001" Sync="TRUE"></TopoLevCd></topLvl></VectSpatRep></spatRepInfo><spdoinfo><ptvctinf><esriterm Name="QuartierRp2021_Pop"><efeatyp Sync="TRUE">Simple</efeatyp><efeageom code="4" Sync="TRUE"></efeageom><esritopo Sync="TRUE">FALSE</esritopo><efeacnt Sync="TRUE">0</efeacnt><spindex Sync="TRUE">TRUE</spindex><linrefer Sync="TRUE">FALSE</linrefer></esriterm></ptvctinf></spdoinfo><eainfo><detailed Name="QuartierRp2021_Pop"><enttyp><enttypl Sync="TRUE">QuartierRp2021_Pop</enttypl><enttypt Sync="TRUE">Feature Class</enttypt><enttypc Sync="TRUE">0</enttypc></enttyp><attr><attrlabl Sync="TRUE">OBJECTID</attrlabl><attalias Sync="TRUE">OBJECTID</attalias><attrtype Sync="TRUE">OID</attrtype><attwidth Sync="TRUE">4</attwidth><atprecis Sync="TRUE">0</atprecis><attscale Sync="TRUE">0</attscale><attrdef Sync="TRUE">Internal feature number.</attrdef><attrdefs Sync="TRUE">Esri</attrdefs><attrdomv><udom Sync="TRUE">Sequential unique whole numbers that are automatically generated.</udom></attrdomv></attr><attr><attrlabl Sync="TRUE">Shape</attrlabl><attalias Sync="TRUE">Shape</attalias><attrtype Sync="TRUE">Geometry</attrtype><attwidth Sync="TRUE">0</attwidth><atprecis Sync="TRUE">0</atprecis><attscale Sync="TRUE">0</attscale><attrdef Sync="TRUE">Feature geometry.</attrdef><attrdefs Sync="TRUE">Esri</attrdefs><attrdomv><udom Sync="TRUE">Coordinates defining the features.</udom></attrdomv></attr><attr><attrlabl Sync="TRUE">DR</attrlabl><attalias Sync="TRUE">DR</attalias><attrtype Sync="TRUE">String</attrtype><attwidth Sync="TRUE">254</attwidth><atprecis Sync="TRUE">0</atprecis><attscale Sync="TRUE">0</attscale></attr><attr><attrlabl Sync="TRUE">CodReg</attrlabl><attalias Sync="TRUE">CodReg</attalias><attrtype Sync="TRUE">String</attrtype><attwidth Sync="TRUE">254</attwidth><atprecis Sync="TRUE">0</atprecis><attscale Sync="TRUE">0</attscale></attr><attr><attrlabl Sync="TRUE">NomReg</attrlabl><attalias Sync="TRUE">NomReg</attalias><attrtype Sync="TRUE">String</attrtype><attwidth Sync="TRUE">254</attwidth><atprecis Sync="TRUE">0</atprecis><attscale Sync="TRUE">0</attscale></attr><attr><attrlabl Sync="TRUE">CodDep</attrlabl><attalias Sync="TRUE">CodDep</attalias><attrtype Sync="TRUE">String</attrtype><attwidth Sync="TRUE">254</attwidth><atprecis Sync="TRUE">0</atprecis><attscale Sync="TRUE">0</attscale></attr><attr><attrlabl Sync="TRUE">NomDep</attrlabl><attalias Sync="TRUE">NomDep</attalias><attrtype Sync="TRUE">String</attrtype><attwidth Sync="TRUE">254</attwidth><atprecis Sync="TRUE">0</atprecis><attscale Sync="TRUE">0</attscale></attr><attr><attrlabl Sync="TRUE">CodSp</attrlabl><attalias Sync="TRUE">CodSp</attalias><attrtype Sync="TRUE">String</attrtype><attwidth Sync="TRUE">254</attwidth><atprecis Sync="TRUE">0</atprecis><attscale Sync="TRUE">0</attscale></attr><attr><attrlabl Sync="TRUE">NomSp</attrlabl><attalias Sync="TRUE">NomSp</attalias><attrtype Sync="TRUE">String</attrtype><attwidth Sync="TRUE">254</attwidth><atprecis Sync="TRUE">0</atprecis><attscale Sync="TRUE">0</attscale></attr><attr><attrlabl Sync="TRUE">CodCom</attrlabl><attalias Sync="TRUE">CodCom</attalias><attrtype Sync="TRUE">String</attrtype><attwidth Sync="TRUE">254</attwidth><atprecis Sync="TRUE">0</atprecis><attscale Sync="TRUE">0</attscale></attr><attr><attrlabl Sync="TRUE">NomCom</attrlabl><attalias Sync="TRUE">NomCom</attalias><attrtype Sync="TRUE">String</attrtype><attwidth Sync="TRUE">254</attwidth><atprecis Sync="TRUE">0</atprecis><attscale Sync="TRUE">0</attscale></attr><attr><attrlabl Sync="TRUE">CodLoc</attrlabl><attalias Sync="TRUE">CodLoc</attalias><attrtype Sync="TRUE">String</attrtype><attwidth Sync="TRUE">254</attwidth><atprecis Sync="TRUE">0</atprecis><attscale Sync="TRUE">0</attscale></attr><attr><attrlabl Sync="TRUE">NomLoc</attrlabl><attalias Sync="TRUE">NomLoc</attalias><attrtype Sync="TRUE">String</attrtype><attwidth Sync="TRUE">254</attwidth><atprecis Sync="TRUE">0</atprecis><attscale Sync="TRUE">0</attscale></attr><attr><attrlabl Sync="TRUE">CodQtierCp</attrlabl><attalias Sync="TRUE">CodQtierCp</attalias><attrtype Sync="TRUE">String</attrtype><attwidth Sync="TRUE">254</attwidth><atprecis Sync="TRUE">0</atprecis><attscale Sync="TRUE">0</attscale></attr><attr><attrlabl Sync="TRUE">LibQtierCp</attrlabl><attalias Sync="TRUE">LibQtierCp</attalias><attrtype Sync="TRUE">String</attrtype><attwidth Sync="TRUE">254</attwidth><atprecis Sync="TRUE">0</atprecis><attscale Sync="TRUE">0</attscale></attr><attr><attrlabl Sync="TRUE">Masculin</attrlabl><attalias Sync="TRUE">Masculin</attalias><attrtype Sync="TRUE">Double</attrtype><attwidth Sync="TRUE">8</attwidth><atprecis Sync="TRUE">0</atprecis><attscale Sync="TRUE">0</attscale></attr><attr><attrlabl Sync="TRUE">Feminin</attrlabl><attalias Sync="TRUE">Feminin</attalias><attrtype Sync="TRUE">Double</attrtype><attwidth Sync="TRUE">8</attwidth><atprecis Sync="TRUE">0</atprecis><attscale Sync="TRUE">0</attscale></attr><attr><attrlabl Sync="TRUE">TotalPop</attrlabl><attalias Sync="TRUE">TotalPop</attalias><attrtype Sync="TRUE">Double</attrtype><attwidth Sync="TRUE">8</attwidth><atprecis Sync="TRUE">0</atprecis><attscale Sync="TRUE">0</attscale></attr><attr><attrlabl Sync="TRUE">Milieu</attrlabl><attalias Sync="TRUE">Milieu</attalias><attrtype Sync="TRUE">Double</attrtype><attwidth Sync="TRUE">8</attwidth><atprecis Sync="TRUE">0</atprecis><attscale Sync="TRUE">0</attscale></attr><attr><attrlabl Sync="TRUE">statut</attrlabl><attalias Sync="TRUE">statut</attalias><attrtype Sync="TRUE">String</attrtype><attwidth Sync="TRUE">254</attwidth><atprecis Sync="TRUE">0</atprecis><attscale Sync="TRUE">0</attscale></attr><attr><attrlabl Sync="TRUE">MascuInt</attrlabl><attalias Sync="TRUE">MascuInt</attalias><attrtype Sync="TRUE">Integer</attrtype><attwidth Sync="TRUE">4</attwidth><atprecis Sync="TRUE">0</atprecis><attscale Sync="TRUE">0</attscale></attr><attr><attrlabl Sync="TRUE">FeminInt</attrlabl><attalias Sync="TRUE">FeminInt</attalias><attrtype Sync="TRUE">Integer</attrtype><attwidth Sync="TRUE">4</attwidth><atprecis Sync="TRUE">0</atprecis><attscale Sync="TRUE">0</attscale></attr><attr><attrlabl Sync="TRUE">TotPopZdIn</attrlabl><attalias Sync="TRUE">TotPopZdIn</attalias><attrtype Sync="TRUE">Integer</attrtype><attwidth Sync="TRUE">4</attwidth><atprecis Sync="TRUE">0</atprecis><attscale Sync="TRUE">0</attscale></attr><attr><attrlabl Sync="TRUE">Shape_Length</attrlabl><attalias Sync="TRUE">Shape_Length</attalias><attrtype Sync="TRUE">Double</attrtype><attwidth Sync="TRUE">8</attwidth><atprecis Sync="TRUE">0</atprecis><attscale Sync="TRUE">0</attscale><attrdef Sync="TRUE">Length of feature in internal units.</attrdef><attrdefs Sync="TRUE">Esri</attrdefs><attrdomv><udom Sync="TRUE">Positive real numbers that are automatically generated.</udom></attrdomv></attr><attr><attrlabl Sync="TRUE">Shape_Area</attrlabl><attalias Sync="TRUE">Shape_Area</attalias><attrtype Sync="TRUE">Double</attrtype><attwidth Sync="TRUE">8</attwidth><atprecis Sync="TRUE">0</atprecis><attscale Sync="TRUE">0</attscale><attrdef Sync="TRUE">Area of feature in internal units squared.</attrdef><attrdefs Sync="TRUE">Esri</attrdefs><attrdomv><udom Sync="TRUE">Positive real numbers that are automatically generated.</udom></attrdomv></attr></detailed></eainfo><mdDateSt Sync="TRUE">20230417</mdDateSt></metadata>
